id,generated
0000aaaa,4.967996594146917
1111bbbb,4.968066479095854
2222cccc,4.968066479134617
